Timestamp,Scenario,Status,Duration,Success Rate,Autonomous Action,Notes
2025-09-27T13:57:25.383880,System Check,Completed,2.3s,100%,Yes,System initialization
2025-09-27T13:57:25.383880,OOMKilled,Ready,0s,0%,No,Memory limit failures
2025-09-27T13:57:25.383880,ImagePullBackOff,Ready,0s,0%,No,Image pull failures
2025-09-27T13:57:25.383880,Readiness Probe,Ready,0s,0%,No,Health check failures
2025-09-27T13:57:25.383880,Disk Pressure,Ready,0s,0%,No,Node storage issues
2025-09-27T13:57:25.383880,PDB Blocking,Ready,0s,0%,No,Pod disruption budget
2025-09-27T13:57:25.383880,CoreDNS Failure,Ready,0s,0%,No,DNS service disruption
2025-09-27T13:57:25.383880,Lambda Functions,Completed,45s,100%,Yes,9/9 functions deployed
2025-09-27T13:57:25.383880,Infrastructure,Completed,180s,100%,Yes,Terraform deployment
2025-09-27T13:57:25.383880,Slack Integration,Completed,30s,100%,Yes,Bot configured
